id,row,Symbol,Security,SEC filings,GICS Sector,GICS Sub-Industry,Headquarters Location,Date first added,CIK,Founded
0,0,MMM,3M,reports,Industrials,Industrial Conglomerates,"Saint Paul, Minnesota",09/08/1976,66740.0,1902
1,1,AOS,A. O. Smith,reports,Industrials,Building Products,"Milwaukee, Wisconsin",26/07/2017,91142.0,1916
2,2,ABT,Abbott,reports,Health Care,Health Care Equipment,"North Chicago, Illinois",31/03/1964,1800.0,1888
3,3,ABBV,AbbVie,reports,Health Care,Pharmaceuticals,"North Chicago, Illinois",31/12/2012,1551152.0,2013 (1888)
4,4,ABMD,Abiomed,reports,Health Care,Health Care Equipment,"Danvers, Massachusetts",31/05/2018,815094.0,1981
5,5,ACN,Accenture,reports,Information Technology,IT Consulting & Other Services,"Dublin, Ireland",06/07/2011,1467373.0,1989
6,6,ATVI,Activision Blizzard,reports,Communication Services,Interactive Home Entertainment,"Santa Monica, California",31/08/2015,718877.0,2008
7,7,ADM,ADM,reports,Consumer Staples,Agricultural Products,"Chicago, Illinois",29/07/1981,7084.0,1902
8,8,ADBE,Adobe,reports,Information Technology,Application Software,"San Jose, California",05/05/1997,796343.0,1982
9,9,ADP,ADP,reports,Information Technology,Data Processing & Outsourced Services,"Roseland, New Jersey",31/03/1981,8670.0,1949
10,10,AAP,Advance Auto Parts,reports,Consumer Discretionary,Automotive Retail,"Raleigh, North Carolina",09/07/2015,1158449.0,1932
11,11,AES,AES,reports,Utilities,Independent Power Producers & Energy Traders,"Arlington, Virginia",02/10/1998,874761.0,1981
12,12,AFL,Aflac,reports,Financials,Life & Health Insurance,"Columbus, Georgia",28/05/1999,4977.0,1955
13,13,A,Agilent Technologies,reports,Health Care,Health Care Equipment,"Santa Clara, California",05/06/2000,1090872.0,1999
14,14,AIG,AIG,reports,Financials,Property & Casualty Insurance,"New York City, New York",31/03/1980,5272.0,1919
15,15,APD,Air Products,reports,Materials,Industrial Gases,"Allentown, Pennsylvania",30/04/1985,2969.0,1940
16,16,AKAM,Akamai,reports,Information Technology,Internet Services & Infrastructure,"Cambridge, Massachusetts",12/07/2007,1086222.0,1998
17,17,ALK,Alaska Air Group,reports,Industrials,Airlines,"Seattle, Washington",13/05/2016,766421.0,1985
18,18,ALB,Albemarle,reports,Materials,Specialty Chemicals,"Charlotte, North Carolina",01/07/2016,915913.0,1994
19,19,ARE,Alexandria,reports,Real Estate,Office REITs,"Pasadena, California",20/03/2017,1035443.0,1994
20,20,ALGN,Align,reports,Health Care,Health Care Supplies,"San Jose, California",19/06/2017,1097149.0,1997
21,21,ALLE,Allegion,reports,Industrials,Building Products,"New York City, New York",02/12/2013,1579241.0,1908
22,22,LNT,Alliant Energy,reports,Utilities,Electric Utilities,"Madison, Wisconsin",01/07/2016,352541.0,1917
23,23,ALL,Allstate,reports,Financials,Property & Casualty Insurance,"Northfield Township, Illinois",13/07/1995,899051.0,1931
24,24,GOOGL,Alphabet (Class A),reports,Communication Services,Interactive Media & Services,"Mountain View, California",03/04/2014,1652044.0,1998
25,25,GOOG,Alphabet (Class C),reports,Communication Services,Interactive Media & Services,"Mountain View, California",03/04/2006,1652044.0,1998
26,26,MO,Altria,reports,Consumer Staples,Tobacco,"Richmond, Virginia",04/03/1957,764180.0,1985
27,27,AMZN,Amazon,reports,Consumer Discretionary,Internet & Direct Marketing Retail,"Seattle, Washington",18/11/2005,1018724.0,1994
28,28,AMCR,Amcor,reports,Materials,Paper Packaging,"Warmley, Bristol, United Kingdom",07/06/2019,1748790.0,2019 (1860)
29,29,AMD,AMD,reports,Information Technology,Semiconductors,"Santa Clara, California",01/01/1969,2488.0,1969
30,30,AEE,Ameren,reports,Utilities,Multi-Utilities,"St. Louis, Missouri",19/09/1991,1002910.0,1902
31,31,AAL,American Airlines Group,reports,Industrials,Airlines,"Fort Worth, Texas",23/03/2015,6201.0,1934
32,32,AEP,American Electric Power,reports,Utilities,Electric Utilities,"Columbus, Ohio",04/03/1957,4904.0,1906
33,33,AXP,American Express,reports,Financials,Consumer Finance,"New York City, New York",30/06/1976,4962.0,1850
34,34,AMT,American Tower,reports,Real Estate,Specialized REITs,"Boston, Massachusetts",19/11/2007,1053507.0,1995
35,35,AWK,American Water,reports,Utilities,Water Utilities,"Camden, New Jersey",04/03/2016,1410636.0,1886
36,36,AMP,Ameriprise Financial,reports,Financials,Asset Management & Custody Banks,"Minneapolis, Minnesota",03/10/2005,820027.0,1894
37,37,ABC,AmerisourceBergen,reports,Health Care,Health Care Distributors,"Chesterbrook, Pennsylvania",30/08/2001,1140859.0,1985
38,38,AME,Ametek,reports,Industrials,Electrical Components & Equipment,"Berwyn, Pennsylvania",23/09/2013,1037868.0,1930
39,39,AMGN,Amgen,reports,Health Care,Biotechnology,"Thousand Oaks, California",02/01/1992,318154.0,1980
40,40,APH,Amphenol,reports,Information Technology,Electronic Components,"Wallingford, Connecticut",30/09/2008,820313.0,1932
41,41,ADI,Analog Devices,reports,Information Technology,Semiconductors,"Wilmington, Massachusetts",12/10/1999,6281.0,1965
42,42,ANSS,Ansys,reports,Information Technology,Application Software,"Canonsburg, Pennsylvania",19/06/2017,1013462.0,1969
43,43,ANTM,Anthem,reports,Health Care,Managed Health Care,"Indianapolis, Indiana",25/07/2002,1156039.0,2014 (1946)
44,44,AON,Aon,reports,Financials,Insurance Brokers,"London, UK",23/04/1996,315293.0,1982 (1919)
45,45,APA,APA Corporation,reports,Energy,Oil & Gas Exploration & Production,"Houston, Texas",28/07/1997,6769.0,1954
46,46,AAPL,Apple,reports,Information Technology,"Technology Hardware, Storage & Peripherals","Cupertino, California",30/11/1982,320193.0,1977
47,47,AMAT,Applied Materials,reports,Information Technology,Semiconductor Equipment,"Santa Clara, California",16/03/1995,6951.0,1967
48,48,APTV,Aptiv,reports,Consumer Discretionary,Auto Parts & Equipment,"Dublin, Ireland",24/12/2012,1521332.0,1994
49,49,ANET,Arista,reports,Information Technology,Communications Equipment,"Santa Clara, California",28/08/2018,1596532.0,2004
50,50,AIZ,Assurant,reports,Financials,Multi-line Insurance,"New York City, New York",10/04/2007,1267238.0,1892
51,51,T,AT&T,reports,Communication Services,Integrated Telecommunication Services,"Dallas, Texas",04/03/1957,732717.0,1983 (1885)
52,52,ATO,Atmos Energy,reports,Utilities,Gas Utilities,"Dallas, Texas",15/02/2019,731802.0,1906
53,53,ADSK,Autodesk,reports,Information Technology,Application Software,"San Rafael, California",01/12/1989,769397.0,1982
54,54,AZO,AutoZone,reports,Consumer Discretionary,Specialty Stores,"Memphis, Tennessee",02/01/1997,866787.0,1979
55,55,AVB,AvalonBay Communities,reports,Real Estate,Residential REITs,"Arlington, Virginia[3]",10/01/2007,915912.0,1978
56,56,AVY,Avery Dennison,reports,Materials,Paper Packaging,"Glendale, California",31/12/1987,8818.0,1990
57,57,BKR,Baker Hughes,reports,Energy,Oil & Gas Equipment & Services,"Houston, Texas",07/07/2017,1701605.0,2017
58,58,BLL,Ball,reports,Materials,Metal & Glass Containers,"Broomfield, Colorado",31/10/1984,9389.0,1880
59,59,BAC,Bank of America,reports,Financials,Diversified Banks,"Charlotte, North Carolina",30/06/1976,70858.0,1998 (1923 / 1874)
60,60,BBWI,Bath & Body Works,reports,Consumer Discretionary,Specialty Stores,"Columbus, Ohio",30/09/1983,701985.0,1963
61,61,BAX,Baxter,reports,Health Care,Health Care Equipment,"Deerfield, Illinois",30/09/1972,10456.0,1931
62,62,BDX,Becton Dickinson,reports,Health Care,Health Care Equipment,"Franklin Lakes, New Jersey",30/09/1972,10795.0,1897
63,63,WRB,Berkley,reports,Financials,Property & Casualty Insurance,"Greenwich, Connecticut",05/12/2019,11544.0,1967
64,64,BRK.B,Berkshire Hathaway,reports,Financials,Multi-Sector Holdings,"Omaha, Nebraska",16/02/2010,1067983.0,1839
65,65,BBY,Best Buy,reports,Consumer Discretionary,Computer & Electronics Retail,"Richfield, Minnesota",29/06/1999,764478.0,1966
66,66,BIO,Bio-Rad,reports,Health Care,Life Sciences Tools & Services,"Hercules, California",22/06/2020,12208.0,1952
67,67,TECH,Bio-Techne,reports,Health Care,Life Sciences Tools & Services,"Minneapolis, Minnesota",30/08/2021,842023.0,1976
68,68,BIIB,Biogen,reports,Health Care,Biotechnology,"Cambridge, Massachusetts",13/11/2003,875045.0,1978
69,69,BLK,BlackRock,reports,Financials,Asset Management & Custody Banks,"New York City, New York",04/04/2011,1364742.0,1988
70,70,BK,BNY Mellon,reports,Financials,Asset Management & Custody Banks,"New York City, New York",31/03/1995,1390777.0,1784
71,71,BA,Boeing,reports,Industrials,Aerospace & Defense,"Chicago, Illinois",04/03/1957,12927.0,1916
72,72,BKNG,Booking Holdings,reports,Consumer Discretionary,Internet & Direct Marketing Retail,"Norwalk, Connecticut",06/11/2009,1075531.0,1996
73,73,BWA,BorgWarner,reports,Consumer Discretionary,Auto Parts & Equipment,"Auburn Hills, Michigan",19/12/2011,908255.0,1880
74,74,BXP,Boston Properties,reports,Real Estate,Office REITs,"Boston, Massachusetts",03/04/2006,1037540.0,1970
75,75,BSX,Boston Scientific,reports,Health Care,Health Care Equipment,"Marlborough, Massachusetts[4]",24/02/1995,885725.0,1979
76,76,BMY,Bristol Myers Squibb,reports,Health Care,Health Care Distributors,"New York City, New York",04/03/1957,14272.0,1989
77,77,AVGO,Broadcom,reports,Information Technology,Semiconductors,"San Jose, California",08/05/2014,1730168.0,1961
78,78,BR,Broadridge,reports,Information Technology,Data Processing & Outsourced Services,"Lake Success, New York",18/06/2018,1383312.0,1962
79,79,BRO,Brown & Brown,reports,Financials,Insurance Brokers,"Daytona Beach, Florida",20/09/2021,79282.0,1939
80,80,BF.B,Brown–Forman,reports,Consumer Staples,Distillers & Vintners,"Louisville, Kentucky",31/10/1982,14693.0,1870
81,81,CHRW,C.H. Robinson,reports,Industrials,Air Freight & Logistics,"Eden Prairie, Minnesota",02/03/2007,1043277.0,1905
82,82,CDNS,Cadence,reports,Information Technology,Application Software,"San Jose, California",18/09/2017,813672.0,1988
83,83,CZR,Caesars Entertainment,reports,Consumer Discretionary,Casinos & Gaming,"Reno, Nevada",22/03/2021,1590895.0,1973
84,84,CPB,Campbell's,reports,Consumer Staples,Packaged Foods & Meats,"Camden, New Jersey",04/03/1957,16732.0,1869
85,85,COF,Capital One,reports,Financials,Consumer Finance,"Tysons Corner, Virginia",01/07/1998,927628.0,1994
86,86,CAH,Cardinal Health,reports,Health Care,Health Care Distributors,"Dublin, Ohio",27/05/1997,721371.0,1971
87,87,KMX,CarMax,reports,Consumer Discretionary,Specialty Stores,"Richmond, Virginia",28/06/2010,1170010.0,1993
88,88,CCL,Carnival,reports,Consumer Discretionary,"Hotels, Resorts & Cruise Lines","Miami, Florida",22/12/1998,815097.0,1972
89,89,CARR,Carrier,reports,Industrials,Building Products,"Palm Beach Gardens, Florida",03/04/2020,1783180.0,2020 (1915)
90,90,CTLT,Catalent,reports,Health Care,Pharmaceuticals,"Somerset, New Jersey",21/09/2020,1596783.0,2007
91,91,CAT,Caterpillar,reports,Industrials,Construction Machinery & Heavy Trucks,"Deerfield, Illinois",04/03/1957,18230.0,1925
92,92,CBOE,Cboe,reports,Financials,Financial Exchanges & Data,"Chicago, Illinois",01/03/2017,1374310.0,1973
93,93,CBRE,CBRE,reports,Real Estate,Real Estate Services,"Dallas, Texas",10/11/2006,1138118.0,1906
94,94,CDW,CDW,reports,Information Technology,Technology Distributors,"Lincolnshire, Illinois",23/09/2019,1402057.0,1984
95,95,CE,Celanese,reports,Materials,Specialty Chemicals,"Irving, Texas",24/12/2018,1306830.0,1918
96,96,CNC,Centene,reports,Health Care,Managed Health Care,"St. Louis, Missouri",30/03/2016,1071739.0,1984
97,97,CNP,CenterPoint Energy,reports,Utilities,Multi-Utilities,"Houston, Texas",31/07/1985,1130310.0,1882
98,98,CDAY,Ceridian,reports,Information Technology,Application Software,"Minneapolis, Minnesota",20/09/2021,1725057.0,1992
99,99,CERN,Cerner,reports,Health Care,Health Care Technology,"North Kansas City, Missouri",30/04/2010,804753.0,1979
100,100,CF,CF Industries,reports,Materials,Fertilizers & Agricultural Chemicals,"Deerfield, Illinois",27/08/2008,1324404.0,1946
101,101,CRL,Charles River,reports,Health Care,Life Sciences Tools & Services,"Wilmington, Massachusetts",14/05/2021,1100682.0,1947
102,102,SCHW,Charles Schwab,reports,Financials,Investment Banking & Brokerage,"Westlake, Texas",02/06/1997,316709.0,1971
103,103,CHTR,Charter Communications,reports,Communication Services,Cable & Satellite,"Stamford, Connecticut",08/09/2016,1091667.0,1993
104,104,CVX,Chevron,reports,Energy,Integrated Oil & Gas,"San Ramon, California",04/03/1957,93410.0,1879
105,105,CMG,Chipotle Mexican Grill,reports,Consumer Discretionary,Restaurants,"Newport Beach, California",28/04/2011,1058090.0,1993
106,106,CB,Chubb,reports,Financials,Property & Casualty Insurance,"Zurich, Switzerland",15/07/2010,896159.0,1985
107,107,CHD,Church & Dwight,reports,Consumer Staples,Household Products,"Ewing, New Jersey",29/12/2015,313927.0,1847
108,108,CI,Cigna,reports,Health Care,Managed Health Care,"Bloomfield, Connecticut",30/06/1976,1739940.0,1982
109,109,CINF,Cincinnati Financial,reports,Financials,Property & Casualty Insurance,"Fairfield, Ohio",18/12/1997,20286.0,1950
110,110,CTAS,Cintas,reports,Industrials,Diversified Support Services,"Mason, Ohio",01/03/2001,723254.0,1929
111,111,CSCO,Cisco,reports,Information Technology,Communications Equipment,"San Jose, California",01/12/1993,858877.0,1984
112,112,C,Citigroup,reports,Financials,Diversified Banks,"New York City, New York",31/05/1988,831001.0,1998
113,113,CFG,Citizens,reports,Financials,Regional Banks,"Providence, Rhode Island",29/01/2016,759944.0,1828
114,114,CTXS,Citrix,reports,Information Technology,Application Software,"Fort Lauderdale, Florida",01/12/1999,877890.0,1989
115,115,CLX,Clorox,reports,Consumer Staples,Household Products,"Oakland, California",31/03/1969,21076.0,1913
116,116,CME,CME Group,reports,Financials,Financial Exchanges & Data,"Chicago, Illinois",11/08/2006,1156375.0,1848
117,117,CMS,CMS Energy,reports,Utilities,Multi-Utilities,"Jackson, Michigan",03/05/1999,811156.0,1886
118,118,KO,Coca-Cola,reports,Consumer Staples,Soft Drinks,"Atlanta, Georgia",04/03/1957,21344.0,1886
119,119,CTSH,Cognizant,reports,Information Technology,IT Consulting & Other Services,"Teaneck, New Jersey",17/11/2006,1058290.0,1994
120,120,CL,Colgate-Palmolive,reports,Consumer Staples,Household Products,"New York City, New York",04/03/1957,21665.0,1806
121,121,CMCSA,Comcast,reports,Communication Services,Cable & Satellite,"Philadelphia, Pennsylvania",19/11/2002,1166691.0,1963
122,122,CMA,Comerica,reports,Financials,Diversified Banks,"Dallas, Texas",01/12/1995,28412.0,1849
123,123,CAG,Conagra Brands,reports,Consumer Staples,Packaged Foods & Meats,"Chicago, Illinois",31/08/1983,23217.0,1919
124,124,COP,ConocoPhillips,reports,Energy,Oil & Gas Exploration & Production,"Houston, Texas",04/03/1957,1163165.0,2002
125,125,ED,Con Edison,reports,Utilities,Electric Utilities,"New York City, New York",01/01/1900,1047862.0,1823
126,126,STZ,Constellation Brands,reports,Consumer Staples,Distillers & Vintners,"Victor, New York",01/07/2005,16918.0,1945
127,127,CEG,Constellation Energy,reports,Utilities,Multi-Utilities,"Baltimore, Maryland",02/02/2022,1868275.0,1999
128,128,COO,CooperCompanies,reports,Health Care,Health Care Supplies,"San Ramon, California",23/09/2016,711404.0,1958
129,129,CPRT,Copart,reports,Industrials,Diversified Support Services,"Dallas, Texas",02/07/2018,900075.0,1982
130,130,GLW,Corning,reports,Information Technology,Electronic Components,"Corning, New York",01/01/1900,24741.0,1851
131,131,CTVA,Corteva,reports,Materials,Fertilizers & Agricultural Chemicals,"Wilmington, Delaware",03/06/2019,1755672.0,2019
132,132,COST,Costco,reports,Consumer Staples,Hypermarkets & Super Centers,"Issaquah, Washington",01/10/1993,909832.0,1976
133,133,CTRA,Coterra,reports,Energy,Oil & Gas Exploration & Production,"Houston, Texas",23/06/2008,858470.0,2021 (1989)
134,134,CCI,Crown Castle,reports,Real Estate,Specialized REITs,"Houston, Texas",14/03/2012,1051470.0,1994
135,135,CSX,CSX,reports,Industrials,Railroads,"Jacksonville, Florida",30/09/1967,277948.0,1980
136,136,CMI,Cummins,reports,Industrials,Industrial Machinery,"Columbus, Indiana",31/03/1965,26172.0,1919
137,137,CVS,CVS Health,reports,Health Care,Health Care Services,"Woonsocket, Rhode Island",04/03/1957,64803.0,1996
138,138,DHI,D.R. Horton,reports,Consumer Discretionary,Homebuilding,"Arlington, Texas",22/06/2005,882184.0,1978
139,139,DHR,Danaher,reports,Health Care,Health Care Equipment,"Washington, D.C.",01/01/1900,313616.0,1969
140,140,DRI,Darden,reports,Consumer Discretionary,Restaurants,"Orlando, Florida",01/01/1900,940944.0,1938
141,141,DVA,DaVita,reports,Health Care,Health Care Facilities,"Denver, Colorado",31/07/2008,927066.0,1979
142,142,DE,Deere & Co.,reports,Industrials,Agricultural & Farm Machinery,"Moline, Illinois",04/03/1957,315189.0,1837
143,143,DAL,Delta Air Lines,reports,Industrials,Airlines,"Atlanta, Georgia",11/09/2013,27904.0,1929
144,144,XRAY,Dentsply Sirona,reports,Health Care,Health Care Supplies,"Charlotte, North Carolina",14/11/2008,818479.0,2016 (1969)
145,145,DVN,Devon,reports,Energy,Oil & Gas Exploration & Production,"Oklahoma City, Oklahoma",30/08/2000,1090012.0,1971
146,146,DXCM,DexCom,reports,Health Care,Health Care Equipment,"San Diego, California",12/05/2020,1093557.0,1999
147,147,FANG,Diamondback,reports,Energy,Oil & Gas Exploration & Production,"Midland, Texas",03/12/2018,1539838.0,2007
148,148,DLR,Digital Realty,reports,Real Estate,Specialized REITs,"Austin, Texas",18/05/2016,1297996.0,2004
149,149,DFS,Discover,reports,Financials,Consumer Finance,"Riverwoods, Illinois",02/07/2007,1393612.0,1985
150,150,DISCA,Discovery (Series A),reports,Communication Services,Broadcasting,"New York City, New York",01/03/2010,1437107.0,1985
151,151,DISCK,Discovery (Series C),reports,Communication Services,Broadcasting,"New York City, New York",07/08/2014,1437107.0,1985
152,152,DISH,Dish,reports,Communication Services,Cable & Satellite,"Meridian, Colorado",13/03/2017,1001082.0,1980
153,153,DIS,Disney,reports,Communication Services,Movies & Entertainment,"Burbank, California",30/06/1976,1744489.0,1923
154,154,DG,Dollar General,reports,Consumer Discretionary,General Merchandise Stores,"Goodlettsville, Tennessee",03/12/2012,29534.0,1939
155,155,DLTR,Dollar Tree,reports,Consumer Discretionary,General Merchandise Stores,"Chesapeake, Virginia",19/12/2011,935703.0,1986
156,156,D,Dominion Energy,reports,Utilities,Electric Utilities,"Richmond, Virginia",01/01/1900,715957.0,1983
157,157,DPZ,Domino's,reports,Consumer Discretionary,Restaurants,"Ann Arbor, Michigan",12/05/2020,1286681.0,1960
158,158,DOV,Dover,reports,Industrials,Industrial Machinery,"Downers Grove, Illinois",31/10/1985,29905.0,1955
159,159,DOW,Dow,reports,Materials,Commodity Chemicals,"Midland, Michigan",01/04/2019,1751788.0,2019
160,160,DTE,DTE,reports,Utilities,Multi-Utilities,"Detroit, Michigan",04/03/1957,936340.0,1995
161,161,DUK,Duke Energy,reports,Utilities,Electric Utilities,"Charlotte, North Carolina",30/06/1976,1326160.0,1904
162,162,DRE,Duke Realty,reports,Real Estate,Industrial REITs,"Indianapolis, Indiana",26/07/2017,783280.0,1972
163,163,DD,DuPont,reports,Materials,Specialty Chemicals,"Wilmington, Delaware",02/04/2019,1666700.0,2017
164,164,DXC,DXC Technology,reports,Information Technology,IT Consulting & Other Services,"Tysons Corner, Virginia",04/04/2017,1688568.0,2017
165,165,EMN,Eastman,reports,Materials,Diversified Chemicals,"Kingsport, Tennessee",01/01/1994,915389.0,1920
166,166,ETN,Eaton,reports,Industrials,Electrical Components & Equipment,"Dublin, Ireland",01/01/1900,1551182.0,1911
167,167,EBAY,eBay,reports,Consumer Discretionary,Internet & Direct Marketing Retail,"San Jose, California",22/07/2002,1065088.0,1995
168,168,ECL,Ecolab,reports,Materials,Specialty Chemicals,"Saint Paul, Minnesota",31/01/1989,31462.0,1923
169,169,EIX,Edison International,reports,Utilities,Electric Utilities,"Rosemead, California",04/03/1957,827052.0,1886
170,170,EW,Edwards Lifesciences,reports,Health Care,Health Care Equipment,"Irvine, California",01/04/2011,1099800.0,1958
171,171,EA,Electronic Arts,reports,Communication Services,Interactive Home Entertainment,"Redwood City, California",22/07/2002,712515.0,1982
172,172,EMR,Emerson,reports,Industrials,Electrical Components & Equipment,"Ferguson, Missouri",31/03/1965,32604.0,1890
173,173,ENPH,Enphase,reports,Information Technology,Electronic Components,"Fremont, California",07/01/2021,1463101.0,2006
174,174,ETR,Entergy,reports,Utilities,Electric Utilities,"New Orleans, Louisiana",04/03/1957,65984.0,1913
175,175,EOG,EOG Resources,reports,Energy,Oil & Gas Exploration & Production,"Houston, Texas",02/11/2000,821189.0,1999
176,176,EPAM,EPAM,reports,Information Technology,IT Consulting & Other Services,"Newtown, Pennsylvania",14/12/2021,1352010.0,1993
177,177,EFX,Equifax,reports,Industrials,Research & Consulting Services,"Atlanta, Georgia",19/06/1997,33185.0,1899
178,178,EQIX,Equinix,reports,Real Estate,Specialized REITs,"Redwood City, California",20/03/2015,1101239.0,1998
179,179,EQR,Equity Residential,reports,Real Estate,Residential REITs,"Chicago, Illinois",03/12/2001,906107.0,1969
180,180,ESS,Essex,reports,Real Estate,Residential REITs,"San Mateo, California",02/04/2014,920522.0,1971
181,181,EL,Estée Lauder Companies,reports,Consumer Staples,Personal Products,"New York City, New York",05/01/2006,1001250.0,1946
182,182,ETSY,Etsy,reports,Consumer Discretionary,Internet & Direct Marketing Retail,"New York City, New York",21/09/2020,1370637.0,2005
183,183,RE,Everest,reports,Financials,Reinsurance,"Hamilton, Bermuda",19/06/2017,1095073.0,1973
184,184,EVRG,Evergy,reports,Utilities,Electric Utilities,"Kansas City, Missouri",05/06/2018,1711269.0,1909
185,185,ES,Eversource,reports,Utilities,Multi-Utilities,"Hartford, Connecticut",01/01/2009,72741.0,1966
186,186,EXC,Exelon,reports,Utilities,Multi-Utilities,"Chicago, Illinois",04/03/1957,1109357.0,2000
187,187,EXPE,Expedia Group,reports,Consumer Discretionary,Internet & Direct Marketing Retail,"Seattle, Washington",02/10/2007,1324424.0,1996
188,188,EXPD,Expeditors,reports,Industrials,Air Freight & Logistics,"Seattle, Washington",10/10/2007,746515.0,1979
189,189,EXR,Extra Space Storage,reports,Real Estate,Specialized REITs,"Salt Lake City, Utah",19/01/2016,1289490.0,1977
190,190,XOM,ExxonMobil,reports,Energy,Integrated Oil & Gas,"Irving, Texas",04/03/1957,34088.0,1999
191,191,FFIV,F5,reports,Information Technology,Communications Equipment,"Seattle, Washington",20/12/2010,1048695.0,1996
192,192,FDS,FactSet,reports,Financials,Financial Exchanges & Data,"Norwalk, Connecticut",20/12/2021,1013237.0,1978
193,193,FAST,Fastenal,reports,Industrials,Building Products,"Winona, Minnesota",15/09/2008,815556.0,1967
194,194,FRT,Federal Realty,reports,Real Estate,Retail REITs,"Rockville, Maryland",01/02/2016,34903.0,1962
195,195,FDX,FedEx,reports,Industrials,Air Freight & Logistics,"Memphis, Tennessee",31/12/1980,1048911.0,1971
196,196,FITB,Fifth Third Bank,reports,Financials,Regional Banks,"Cincinnati, Ohio",01/01/1900,35527.0,1858
197,197,FRC,First Republic,reports,Financials,Regional Banks,"San Francisco, California",02/01/2019,1132979.0,1985
198,198,FE,FirstEnergy,reports,Utilities,Electric Utilities,"Akron, Ohio",01/01/1900,1031296.0,1997
199,199,FIS,FIS,reports,Information Technology,Data Processing & Outsourced Services,"Jacksonville, Florida",10/11/2006,1136893.0,1968
200,200,FISV,Fiserv,reports,Information Technology,Data Processing & Outsourced Services,"Brookfield, Wisconsin",02/04/2001,798354.0,1984
201,201,FLT,Fleetcor,reports,Information Technology,Data Processing & Outsourced Services,"Norcross, Georgia",20/06/2018,1175454.0,2000
202,202,FMC,FMC,reports,Materials,Fertilizers & Agricultural Chemicals,"Philadelphia, Pennsylvania",19/08/2009,37785.0,1883
203,203,F,Ford,reports,Consumer Discretionary,Automobile Manufacturers,"Dearborn, Michigan",04/03/1957,37996.0,1903
204,204,FTNT,Fortinet,reports,Information Technology,Systems Software,"Sunnyvale, California",11/10/2018,1262039.0,2000
205,205,FTV,Fortive,reports,Industrials,Industrial Machinery,"Everett, Washington",01/07/2016,1659166.0,2016
206,206,FBHS,Fortune Brands,reports,Industrials,Building Products,"Deerfield, Illinois",22/06/2016,1519751.0,2011 (1969)
207,207,FOXA,Fox Corporation (Class A),reports,Communication Services,Movies & Entertainment,"New York City, New York",01/07/2013,1754301.0,2019
208,208,FOX,Fox Corporation (Class B),reports,Communication Services,Movies & Entertainment,"New York City, New York",18/09/2015,1754301.0,2019
209,209,BEN,Franklin Templeton,reports,Financials,Asset Management & Custody Banks,"San Mateo, California",01/01/1900,38777.0,1947
210,210,FCX,Freeport-McMoRan,reports,Materials,Copper,"Phoenix, Arizona",01/01/1900,831259.0,1912
211,211,AJG,Gallagher,reports,Financials,Insurance Brokers,"Rolling Meadows, Illinois",31/05/2016,354190.0,1927
212,212,GRMN,Garmin,reports,Consumer Discretionary,Consumer Electronics,"Schaffhausen, Switzerland",12/12/2012,1121788.0,1989
213,213,IT,Gartner,reports,Information Technology,IT Consulting & Other Services,"Stamford, Connecticut",05/04/2017,749251.0,1979
214,214,GE,GE,reports,Industrials,Industrial Conglomerates,"Boston, Massachusetts",01/01/1900,40545.0,1892
215,215,GNRC,Generac,reports,Industrials,Electrical Components & Equipment,"Waukesha, Wisconsin",22/03/2021,1474735.0,1959
216,216,GD,General Dynamics,reports,Industrials,Aerospace & Defense,"Falls Church, Virginia",04/03/1957,40533.0,1899
217,217,GIS,General Mills,reports,Consumer Staples,Packaged Foods & Meats,"Golden Valley, Minnesota",31/03/1969,40704.0,1856
218,218,GPC,Genuine Parts,reports,Consumer Discretionary,Specialty Stores,"Atlanta, Georgia",31/12/1973,40987.0,1925
219,219,GILD,Gilead,reports,Health Care,Biotechnology,"Foster City, California",01/07/2004,882095.0,1987
220,220,GL,Globe Life,reports,Financials,Life & Health Insurance,"McKinney, Texas",30/04/1989,320335.0,1900
221,221,GPN,Global Payments,reports,Information Technology,Data Processing & Outsourced Services,"Atlanta, Georgia",25/04/2016,1123360.0,2000
222,222,GM,GM,reports,Consumer Discretionary,Automobile Manufacturers,"Detroit, Michigan",06/06/2013,1467858.0,1908
223,223,GS,Goldman Sachs,reports,Financials,Investment Banking & Brokerage,"New York City, New York",22/07/2002,886982.0,1869
224,224,GWW,Grainger,reports,Industrials,Industrial Machinery,"Lake Forest, Illinois",30/06/1981,277135.0,1927
225,225,HAL,Halliburton,reports,Energy,Oil & Gas Equipment & Services,"Houston, Texas",04/03/1957,45012.0,1919
226,226,HIG,Hartford (The),reports,Financials,Property & Casualty Insurance,"Hartford, Connecticut",04/03/1957,874766.0,1810
227,227,HAS,Hasbro,reports,Consumer Discretionary,Leisure Products,"Pawtucket, Rhode Island",30/09/1984,46080.0,1923
228,228,HCA,HCA Healthcare,reports,Health Care,Health Care Facilities,"Nashville, Tennessee",27/01/2015,860730.0,1968
229,229,PEAK,Healthpeak,reports,Real Estate,Health Care REITs,"Long Beach, California",31/03/2008,765880.0,1985
230,230,HSIC,Henry Schein,reports,Health Care,Health Care Distributors,"Melville, New York",17/03/2015,1000228.0,1932
231,231,HSY,Hershey's,reports,Consumer Staples,Packaged Foods & Meats,"Hershey, Pennsylvania",04/03/1957,47111.0,1894
232,232,HES,Hess,reports,Energy,Integrated Oil & Gas,"New York City, New York",31/05/1984,4447.0,1919
233,233,HPE,Hewlett Packard Enterprise,reports,Information Technology,"Technology Hardware, Storage & Peripherals","Houston, Texas",02/11/2015,1645590.0,2015
234,234,HLT,Hilton,reports,Consumer Discretionary,"Hotels, Resorts & Cruise Lines","Tysons Corner, Virginia",19/06/2017,1585689.0,1919
235,235,HOLX,Hologic,reports,Health Care,Health Care Equipment,"Marlborough, Massachusetts",30/03/2016,859737.0,1985
236,236,HD,Home Depot,reports,Consumer Discretionary,Home Improvement Retail,"Atlanta, Georgia",31/03/1988,354950.0,1978
237,237,HON,Honeywell,reports,Industrials,Industrial Conglomerates,"Charlotte, North Carolina",31/03/1964,773840.0,1906
238,238,HRL,Hormel,reports,Consumer Staples,Packaged Foods & Meats,"Austin, Minnesota",04/03/2009,48465.0,1891
239,239,HST,Host Hotels & Resorts,reports,Real Estate,Hotel & Resort REITs,"Bethesda, Maryland",20/03/2007,1070750.0,1993
240,240,HWM,Howmet Aerospace,reports,Industrials,Aerospace & Defense,"Pittsburgh, Pennsylvania",31/03/1964,4281.0,2016
241,241,HPQ,HP,reports,Information Technology,"Technology Hardware, Storage & Peripherals","Palo Alto, California",31/12/1974,47217.0,1939 (2015)
242,242,HUM,Humana,reports,Health Care,Managed Health Care,"Louisville, Kentucky",01/01/1900,49071.0,1961
243,243,HII,Huntington Ingalls Industries,reports,Industrials,Aerospace & Defense,"Newport News, Virginia",03/01/2018,1501585.0,2011
244,244,HBAN,Huntington National Bank,reports,Financials,Regional Banks,"Columbus, Ohio",01/01/1900,,
245,245,IEX,IDEX,reports,Industrials,Industrial Machinery,"Lake Forest, Illinois",09/08/2019,832101.0,1988
246,246,IDXX,Idexx Laboratories,reports,Health Care,Health Care Equipment,"Westbrook, Maine",05/01/2017,874716.0,1983
247,247,ITW,Illinois Tool Works,reports,Industrials,Industrial Machinery,"Glenview, Illinois",28/02/1986,49826.0,1912
248,248,ILMN,Illumina,reports,Health Care,Life Sciences Tools & Services,"San Diego, California",19/11/2015,1110803.0,1998
249,249,INCY,Incyte,reports,Health Care,Biotechnology,"Wilmington, Delaware",28/02/2017,879169.0,1991
250,250,IR,Ingersoll Rand,reports,Industrials,Industrial Machinery,"Davidson, North Carolina",03/03/2020,1699150.0,1859
251,251,INTC,Intel,reports,Information Technology,Semiconductors,"Santa Clara, California",31/12/1976,50863.0,1968
252,252,ICE,Intercontinental Exchange,reports,Financials,Financial Exchanges & Data,"Atlanta, Georgia",26/09/2007,1571949.0,2000
253,253,IBM,IBM,reports,Information Technology,IT Consulting & Other Services,"Armonk, New York",04/03/1957,51143.0,1911
254,254,IP,International Paper,reports,Materials,Paper Packaging,"Memphis, Tennessee",04/03/1957,51434.0,1898
255,255,IPG,Interpublic Group,reports,Communication Services,Advertising,"New York City, New York",01/10/1992,51644.0,1961 (1930)
256,256,IFF,International Flavors & Fragrances,reports,Materials,Specialty Chemicals,"New York City, New York",31/03/1976,51253.0,1958 (1889)
257,257,INTU,Intuit,reports,Information Technology,Application Software,"Mountain View, California",05/12/2000,896878.0,1983
258,258,ISRG,Intuitive Surgical,reports,Health Care,Health Care Equipment,"Sunnyvale, California",02/06/2008,1035267.0,1995
259,259,IVZ,Invesco,reports,Financials,Asset Management & Custody Banks,"Atlanta, Georgia",21/08/2008,914208.0,1935
260,260,IPGP,IPG Photonics,reports,Information Technology,Electronic Manufacturing Services,"Oxford, Massachusetts",07/03/2018,1111928.0,1990
261,261,IQV,IQVIA,reports,Health Care,Life Sciences Tools & Services,"Durham, North Carolina",29/08/2017,1478242.0,1982
262,262,IRM,Iron Mountain,reports,Real Estate,Specialized REITs,"Boston, Massachusetts",06/01/2009,1020569.0,1951
263,263,JBHT,J.B. Hunt,reports,Industrials,Trucking,"Lowell, Arkansas",01/07/2015,728535.0,1961
264,264,JKHY,Jack Henry & Associates,reports,Information Technology,Data Processing & Outsourced Services,"Monett, Missouri",13/11/2018,779152.0,1976
265,265,J,Jacobs,reports,Industrials,Construction & Engineering,"Dallas, Texas",26/10/2007,52988.0,1947
266,266,JNJ,Johnson & Johnson,reports,Health Care,Pharmaceuticals,"New Brunswick, New Jersey",30/06/1973,200406.0,1886
267,267,JCI,Johnson Controls,reports,Industrials,Building Products,"Cork, Ireland",27/08/2010,833444.0,1885
268,268,JPM,JPMorgan Chase,reports,Financials,Diversified Banks,"New York City, New York",30/06/1975,19617.0,2000 (1799 / 1871)
269,269,JNPR,Juniper Networks,reports,Information Technology,Communications Equipment,"Sunnyvale, California",02/06/2006,1043604.0,1996
270,270,K,Kellogg's,reports,Consumer Staples,Packaged Foods & Meats,"Battle Creek, Michigan",11/09/1989,55067.0,1906
271,271,KEY,KeyCorp,reports,Financials,Regional Banks,"Cleveland, Ohio",01/03/1994,91576.0,1825
272,272,KEYS,Keysight,reports,Information Technology,Electronic Equipment & Instruments,"Santa Rosa, California",06/11/2018,1601046.0,2014
273,273,KMB,Kimberly-Clark,reports,Consumer Staples,Household Products,"Irving, Texas",04/03/1957,55785.0,1872
274,274,KIM,Kimco Realty,reports,Real Estate,Retail REITs,"New Hyde Park, New York",04/04/2006,879101.0,1958
275,275,KMI,Kinder Morgan,reports,Energy,Oil & Gas Storage & Transportation,"Houston, Texas",25/05/2012,1506307.0,1997
276,276,KLAC,KLA,reports,Information Technology,Semiconductor Equipment,"Milpitas, California",01/01/1900,319201.0,1975/1977 (1997)
277,277,KHC,Kraft Heinz,reports,Consumer Staples,Packaged Foods & Meats,"Chicago, Illinois",01/01/1900,,
278,278,KR,Kroger,reports,Consumer Staples,Food Retail,"Cincinnati, Ohio",04/03/1957,56873.0,1883
279,279,LHX,L3Harris,reports,Industrials,Aerospace & Defense,"Melbourne, Florida",22/09/2008,202058.0,2019 (1895)
280,280,LH,LabCorp,reports,Health Care,Health Care Services,"Burlington, North Carolina",01/11/2004,920148.0,1978
281,281,LRCX,Lam Research,reports,Information Technology,Semiconductor Equipment,"Fremont, California",29/06/2012,707549.0,1980
282,282,LW,Lamb Weston,reports,Consumer Staples,Packaged Foods & Meats,"Eagle, Idaho",03/12/2018,1679273.0,2016 (1950)
283,283,LVS,Las Vegas Sands,reports,Consumer Discretionary,Casinos & Gaming,"Las Vegas, Nevada",03/10/2019,1300514.0,1988
284,284,LDOS,Leidos,reports,Industrials,Diversified Support Services,"Reston, Virginia",09/08/2019,1336920.0,1969
285,285,LEN,Lennar,reports,Consumer Discretionary,Homebuilding,"Miami, Florida",04/10/2005,920760.0,1954
286,286,LLY,Lilly,reports,Health Care,Pharmaceuticals,"Indianapolis, Indiana",31/12/1970,59478.0,1876
287,287,LNC,Lincoln Financial,reports,Financials,Multi-line Insurance,"Radnor, Pennsylvania",30/06/1976,59558.0,1905
288,288,LIN,Linde,reports,Materials,Industrial Gases,"Guildford, England",01/07/1992,1707925.0,1879
289,289,LYV,Live Nation Entertainment,reports,Communication Services,Movies & Entertainment,"Beverly Hills, California",23/12/2019,1335258.0,2010
290,290,LKQ,LKQ Corporation,reports,Consumer Discretionary,Distributors,"Chicago, Illinois",23/05/2016,1065696.0,1998
291,291,LMT,Lockheed Martin,reports,Industrials,Aerospace & Defense,"Bethesda, Maryland",31/07/1984,936468.0,1995
292,292,L,Loews Corporation,reports,Financials,Multi-line Insurance,"New York City, New York",01/01/1900,60086.0,1959
293,293,LOW,Lowe's,reports,Consumer Discretionary,Home Improvement Retail,"Mooresville, North Carolina",29/02/1984,60667.0,1904/1946/1959
294,294,LUMN,Lumen,reports,Communication Services,Alternative Carriers,"Monroe, Louisiana",25/03/1999,18926.0,1983 (1877)
295,295,LYB,LyondellBasell,reports,Materials,Specialty Chemicals,"Rotterdam, Netherlands",05/09/2012,1489393.0,2007
296,296,MTB,M&T Bank,reports,Financials,Regional Banks,"Buffalo, New York",23/02/2004,36270.0,1856
297,297,MRO,Marathon Oil,reports,Energy,Oil & Gas Exploration & Production,"Houston, Texas",01/05/1991,101778.0,1887
298,298,MPC,Marathon Petroleum,reports,Energy,Oil & Gas Refining & Marketing,"Findlay, Ohio",01/07/2011,1510295.0,2009 (1887)
299,299,MKTX,MarketAxess,reports,Financials,Financial Exchanges & Data,"New York City, New York",01/07/2019,1278021.0,2000
300,300,MAR,Marriott International,reports,Consumer Discretionary,"Hotels, Resorts & Cruise Lines","Bethesda, Maryland",01/01/1900,1048286.0,1927
301,301,MMC,Marsh & McLennan,reports,Financials,Insurance Brokers,"New York City, New York",31/08/1987,62709.0,1905
302,302,MLM,Martin Marietta,reports,Materials,Construction Materials,"Raleigh, North Carolina",02/07/2014,916076.0,1993
303,303,MAS,Masco,reports,Industrials,Building Products,"Livonia, Michigan",30/06/1981,62996.0,1929
304,304,MA,Mastercard,reports,Information Technology,Data Processing & Outsourced Services,"Harrison, New York",18/07/2008,1141391.0,1966
305,305,MTCH,Match Group,reports,Communication Services,Interactive Media & Services,"Dallas, Texas",20/09/2021,891103.0,1986
306,306,MKC,McCormick,reports,Consumer Staples,Packaged Foods & Meats,"Hunt Valley, Maryland",20/03/2003,63754.0,1889
307,307,MCD,McDonald's,reports,Consumer Discretionary,Restaurants,"Chicago, Illinois",30/06/1970,63908.0,1940
308,308,MCK,McKesson,reports,Health Care,Health Care Distributors,"Irving, Texas",01/01/1900,927653.0,1833
309,309,MDT,Medtronic,reports,Health Care,Health Care Equipment,"Dublin, Ireland",31/10/1986,1613103.0,1949
310,310,MRK,Merck,reports,Health Care,Pharmaceuticals,"Kenilworth, New Jersey",04/03/1957,310158.0,1891
311,311,FB,Meta,reports,Communication Services,Interactive Media & Services,"Menlo Park, California",23/12/2013,1326801.0,2004
312,312,MET,MetLife,reports,Financials,Life & Health Insurance,"New York City, New York",01/01/1900,1099219.0,1868
313,313,MTD,Mettler Toledo,reports,Health Care,Life Sciences Tools & Services,"Columbus, Ohio",06/09/2016,1037646.0,1945
314,314,MGM,MGM Resorts,reports,Consumer Discretionary,Casinos & Gaming,"Paradise, Nevada",26/07/2017,789570.0,1986
315,315,MCHP,Microchip,reports,Information Technology,Semiconductors,"Chandler, Arizona",07/09/2007,827054.0,1989
316,316,MU,Micron,reports,Information Technology,Semiconductors,"Boise, Idaho",27/09/1994,723125.0,1978
317,317,MSFT,Microsoft,reports,Information Technology,Systems Software,"Redmond, Washington",01/06/1994,789019.0,1975
318,318,MAA,Mid-America Apartments,reports,Real Estate,Residential REITs,"Memphis, Tennessee",02/12/2016,912595.0,1977
319,319,MRNA,Moderna,reports,Health Care,Biotechnology,"Cambridge, Massachusetts",21/07/2021,1682852.0,2010
320,320,MHK,Mohawk Industries,reports,Consumer Discretionary,Home Furnishings,"Calhoun, Georgia",23/12/2013,851968.0,1878
321,321,MOH,Molina Healthcare,reports,Health Care,Managed Health Care,"Long Beach, California",02/03/2022,1179929.0,1980
322,322,TAP,Molson Coors,reports,Consumer Staples,Brewers,"Chicago, Illinois",30/06/1976,24545.0,"2005 (Molson 1786, Coors 1873)"
323,323,MDLZ,Mondelez International,reports,Consumer Staples,Packaged Foods & Meats,"Chicago, Illinois",02/10/2012,1103982.0,2012
324,324,MPWR,Monolithic Power Systems,reports,Information Technology,Semiconductors,"Kirkland, Washington",12/02/2021,1280452.0,1997
325,325,MNST,Monster Beverage,reports,Consumer Staples,Soft Drinks,"Corona, California",28/06/2012,865752.0,2012 (1935)
326,326,MCO,Moody's,reports,Financials,Financial Exchanges & Data,"New York City, New York",01/01/1900,1059556.0,1909
327,327,MS,Morgan Stanley,reports,Financials,Investment Banking & Brokerage,"New York City, New York",01/01/1900,895421.0,1935
328,328,MOS,Mosaic,reports,Materials,Fertilizers & Agricultural Chemicals,"Tampa, Florida",26/09/2011,1285785.0,2004 (1865 / 1909)
329,329,MSI,Motorola Solutions,reports,Information Technology,Communications Equipment,"Chicago, Illinois",01/01/1900,68505.0,1928 (2011)
330,330,MSCI,MSCI,reports,Financials,Financial Exchanges & Data,"New York City, New York",04/04/2018,1408198.0,1969
331,331,NDAQ,Nasdaq,reports,Financials,Financial Exchanges & Data,"New York City, New York",22/10/2008,1120193.0,1971
332,332,NTAP,NetApp,reports,Information Technology,"Technology Hardware, Storage & Peripherals","Sunnyvale, California",25/06/1999,1002047.0,1992
333,333,NFLX,Netflix,reports,Communication Services,Movies & Entertainment,"Los Gatos, California",20/12/2010,1065280.0,1997
334,334,NWL,Newell Brands,reports,Consumer Discretionary,Housewares & Specialties,"Atlanta, Georgia",30/04/1989,814453.0,1903
335,335,NEM,Newmont,reports,Materials,Gold,"Denver, Colorado",30/06/1969,1164727.0,1921
336,336,NWSA,News Corp (Class A),reports,Communication Services,Publishing,"New York City, New York",01/08/2013,1564708.0,2013 (1980)
337,337,NWS,News Corp (Class B),reports,Communication Services,Publishing,"New York City, New York",18/09/2015,1564708.0,2013 (1980)
338,338,NEE,NextEra Energy,reports,Utilities,Multi-Utilities,"Juno Beach, Florida",30/06/1976,753308.0,1984 (1925)
339,339,NLSN,Nielsen,reports,Industrials,Research & Consulting Services,"New York City, New York",09/07/2013,1492633.0,1923
340,340,NKE,Nike,reports,Consumer Discretionary,"Apparel, Accessories & Luxury Goods","Washington County, Oregon",30/11/1988,320187.0,1964
341,341,NI,NiSource,reports,Utilities,Multi-Utilities,"Merrillville, Indiana",01/01/1900,1111711.0,1912
342,342,NDSN,Nordson,reports,Industrials,Industrial Machinery,"Westlake, Ohio",15/02/2022,72331.0,1935
343,343,NSC,Norfolk Southern,reports,Industrials,Railroads,"Norfolk, Virginia",04/03/1957,702165.0,1881/1894 (1980)
344,344,NTRS,Northern Trust,reports,Financials,Asset Management & Custody Banks,"Chicago, Illinois",01/01/1900,73124.0,1889
345,345,NOC,Northrop Grumman,reports,Industrials,Aerospace & Defense,"West Falls Church, Virginia",30/06/1985,1133421.0,"1994 (Northrop 1939, Grumman 1930)"
346,346,NLOK,NortonLifeLock,reports,Information Technology,Application Software,"Tempe, Arizona",25/03/2003,849399.0,1982
347,347,NCLH,Norwegian Cruise Line Holdings,reports,Consumer Discretionary,"Hotels, Resorts & Cruise Lines","Miami, Florida",13/10/2017,1513761.0,2011 (1966)
348,348,NRG,NRG Energy,reports,Utilities,Independent Power Producers & Energy Traders,"Houston, Texas",29/01/2010,1013871.0,1992
349,349,NUE,Nucor,reports,Materials,Steel,"Charlotte, North Carolina",30/04/1985,73309.0,1940
350,350,NVDA,Nvidia,reports,Information Technology,Semiconductors,"Santa Clara, California",30/11/2001,1045810.0,1993
351,351,NVR,NVR,reports,Consumer Discretionary,Homebuilding,"Reston, Virginia",26/09/2019,906163.0,1980
352,352,NXPI,NXP,reports,Information Technology,Semiconductors,"Eindhoven, Netherlands",22/03/2021,1413447.0,1953
353,353,ORLY,O'Reilly Automotive,reports,Consumer Discretionary,Specialty Stores,"Springfield, Missouri",27/03/2009,898173.0,1957
354,354,OXY,Occidental Petroleum,reports,Energy,Oil & Gas Exploration & Production,"Houston, Texas",31/12/1982,797468.0,1920
355,355,ODFL,Old Dominion,reports,Industrials,Trucking,"Thomasville, North Carolina",09/12/2019,878927.0,1934
356,356,OMC,Omnicom Group,reports,Communication Services,Advertising,"New York City, New York",01/01/1900,29989.0,1986
357,357,OKE,Oneok,reports,Energy,Oil & Gas Storage & Transportation,"Tulsa, Oklahoma",15/03/2010,1039684.0,1906
358,358,ORCL,Oracle,reports,Information Technology,Application Software,"Austin, Texas",31/08/1989,1341439.0,1977
359,359,OGN,Organon,reports,Health Care,Pharmaceuticals,"Jersey City, New Jersey",03/06/2021,1821825.0,2021
360,360,OTIS,Otis,reports,Industrials,Industrial Machinery,"Farmington, Connecticut",03/04/2020,1781335.0,2020 (1853)
361,361,PCAR,Paccar,reports,Industrials,Construction Machinery & Heavy Trucks,"Bellevue, Washington",31/12/1980,75362.0,1905
362,362,PKG,Packaging Corporation of America,reports,Materials,Paper Packaging,"Lake Forest, Illinois",26/07/2017,75677.0,1959
363,363,PARA,Paramount,reports,Communication Services,Movies & Entertainment,"New York City, New York",01/01/1900,813828.0,2019 (1952)
364,364,PH,Parker,reports,Industrials,Industrial Machinery,"Cleveland, Ohio",30/11/1985,76334.0,1917
365,365,PAYX,Paychex,reports,Information Technology,Data Processing & Outsourced Services,"Penfield, New York",01/01/1900,723531.0,1971
366,366,PAYC,Paycom,reports,Information Technology,Application Software,"Oklahoma City, Oklahoma",28/01/2020,1590955.0,1998
367,367,PYPL,PayPal,reports,Information Technology,Data Processing & Outsourced Services,"San Jose, California",20/07/2015,1633917.0,1998
368,368,PENN,Penn National Gaming,reports,Consumer Discretionary,Casinos & Gaming,"Wyomissing, Pennsylvania",22/03/2021,921738.0,1972
369,369,PNR,Pentair,reports,Industrials,Industrial Machinery,"Worsley, England",01/10/2012,77360.0,1966
370,370,PBCT,People's United Financial,reports,Financials,Thrifts & Mortgage Finance,"Bridgeport, Connecticut",13/11/2008,1378946.0,1842
371,371,PEP,PepsiCo,reports,Consumer Staples,Soft Drinks,"Purchase, New York",04/03/1957,77476.0,1898
372,372,PKI,PerkinElmer,reports,Health Care,Health Care Equipment,"Waltham, Massachusetts",31/05/1985,31791.0,1937
373,373,PFE,Pfizer,reports,Health Care,Pharmaceuticals,"New York City, New York",04/03/1957,78003.0,1849
374,374,PM,Philip Morris International,reports,Consumer Staples,Tobacco,"New York City, New York",31/03/2008,1413329.0,2008 (1847)
375,375,PSX,Phillips 66,reports,Energy,Oil & Gas Refining & Marketing,"Houston, Texas",01/05/2012,1534701.0,2012 (1917)
376,376,PNW,Pinnacle West,reports,Utilities,Multi-Utilities,"Phoenix, Arizona",01/01/1900,764622.0,1985
377,377,PXD,Pioneer Natural Resources,reports,Energy,Oil & Gas Exploration & Production,"Irving, Texas",24/09/2008,1038357.0,1997
378,378,PNC,PNC Financial Services,reports,Financials,Regional Banks,"Pittsburgh, Pennsylvania",30/04/1988,713676.0,1845
379,379,POOL,Pool Corporation,reports,Consumer Discretionary,Distributors,"Covington, Louisiana",07/10/2020,945841.0,1993
380,380,PPG,PPG Industries,reports,Materials,Specialty Chemicals,"Pittsburgh, Pennsylvania",04/03/1957,79879.0,1883
381,381,PPL,PPL,reports,Utilities,Electric Utilities,"Allentown, Pennsylvania",01/01/1900,922224.0,1920
382,382,PFG,Principal,reports,Financials,Life & Health Insurance,"Des Moines, Iowa",22/07/2002,1126328.0,1879
383,383,PG,Procter & Gamble,reports,Consumer Staples,Personal Products,"Cincinnati, Ohio",04/03/1957,80424.0,1837
384,384,PGR,Progressive,reports,Financials,Property & Casualty Insurance,"Mayfield Village, Ohio",04/08/1997,80661.0,1937
385,385,PLD,Prologis,reports,Real Estate,Industrial REITs,"San Francisco, California",17/07/2003,1045609.0,1983
386,386,PRU,Prudential,reports,Financials,Life & Health Insurance,"Newark, New Jersey",22/07/2002,1137774.0,1875
387,387,PEG,PSEG,reports,Utilities,Electric Utilities,"Newark, New Jersey",04/03/1957,788784.0,1903
388,388,PTC,PTC,reports,Information Technology,Application Software,"Boston, Massachusetts",20/04/2021,857005.0,1985
389,389,PSA,Public Storage,reports,Real Estate,Specialized REITs,"Glendale, California",19/08/2005,1393311.0,1972
390,390,PHM,PulteGroup,reports,Consumer Discretionary,Homebuilding,"Atlanta, Georgia",30/04/1984,822416.0,1956
391,391,PVH,PVH,reports,Consumer Discretionary,"Apparel, Accessories & Luxury Goods","New York City, New York",15/02/2013,78239.0,1881
392,392,QRVO,Qorvo,reports,Information Technology,Semiconductors,"Greensboro, North Carolina",11/06/2015,1604778.0,2015
393,393,PWR,Quanta,reports,Industrials,Construction & Engineering,"Houston, Texas",01/07/2009,1050915.0,1997
394,394,QCOM,Qualcomm,reports,Information Technology,Semiconductors,"San Diego, California",01/01/1900,804328.0,1985
395,395,DGX,Quest Diagnostics,reports,Health Care,Health Care Services,"Secaucus, New Jersey",12/12/2002,1022079.0,1967
396,396,RL,Ralph Lauren,reports,Consumer Discretionary,"Apparel, Accessories & Luxury Goods","New York City, New York",02/02/2007,1037038.0,1967
397,397,RJF,Raymond James,reports,Financials,Investment Banking & Brokerage,"St. Petersburg, Florida",20/03/2017,720005.0,1962
398,398,RTX,Raytheon Technologies,reports,Industrials,Aerospace & Defense,"Waltham, Massachusetts",01/01/1900,101829.0,1922
399,399,O,Realty Income,reports,Real Estate,Retail REITs,"San Diego, California",07/04/2015,726728.0,1969
400,400,REG,Regency Centers,reports,Real Estate,Retail REITs,"Jacksonville, Florida",02/03/2017,910606.0,1963
401,401,REGN,Regeneron,reports,Health Care,Biotechnology,"Tarrytown, New York",01/05/2013,872589.0,1988
402,402,RF,Regions,reports,Financials,Regional Banks,"Birmingham, Alabama",28/08/1998,1281761.0,1971
403,403,RSG,Republic Services,reports,Industrials,Environmental & Facilities Services,"Phoenix, Arizona",05/12/2008,1060391.0,1998 (1981)
404,404,RMD,ResMed,reports,Health Care,Health Care Equipment,"San Diego, California",26/07/2017,943819.0,1989
405,405,RHI,Robert Half,reports,Industrials,Human Resource & Employment Services,"Menlo Park, California",05/12/2000,315213.0,1948
406,406,ROK,Rockwell Automation,reports,Industrials,Electrical Components & Equipment,"Milwaukee, Wisconsin",01/01/1900,1024478.0,1903
407,407,ROL,Rollins,reports,Industrials,Environmental & Facilities Services,"Atlanta, Georgia",01/10/2018,84839.0,1948
408,408,ROP,Roper,reports,Industrials,Industrial Conglomerates,"Sarasota, Florida",23/12/2009,882835.0,1981
409,409,ROST,Ross,reports,Consumer Discretionary,Apparel Retail,"Dublin, California",21/12/2009,745732.0,1982
410,410,RCL,Royal Caribbean Group,reports,Consumer Discretionary,"Hotels, Resorts & Cruise Lines","Miami, Florida",05/12/2014,884887.0,1997
411,411,SPGI,S&P Global,reports,Financials,Financial Exchanges & Data,"New York City, New York",01/01/1900,64040.0,1917
412,412,CRM,Salesforce,reports,Information Technology,Application Software,"San Francisco, California",15/09/2008,1108524.0,1999
413,413,SBAC,SBA Communications,reports,Real Estate,Specialized REITs,"Boca Raton, Florida",01/09/2017,1034054.0,1989
414,414,SLB,Schlumberger,reports,Energy,Oil & Gas Equipment & Services,"Curaçao, Kingdom of the Netherlands",31/03/1965,87347.0,1926
415,415,STX,Seagate,reports,Information Technology,"Technology Hardware, Storage & Peripherals","Dublin, Ireland",02/07/2012,1137789.0,1979
416,416,SEE,Sealed Air,reports,Materials,Paper Packaging,"Charlotte, North Carolina",04/03/1957,1012100.0,1960
417,417,SRE,Sempra Energy,reports,Utilities,Multi-Utilities,"San Diego, California",01/01/1900,1032208.0,1998
418,418,NOW,ServiceNow,reports,Information Technology,Systems Software,"Santa Clara, California",21/11/2019,1373715.0,2003
419,419,SHW,Sherwin-Williams,reports,Materials,Specialty Chemicals,"Cleveland, Ohio",30/06/1964,89800.0,1866
420,420,SBNY,Signature Bank,reports,Financials,Regional Banks,"New York City, New York",20/12/2021,1288784.0,2001
421,421,SPG,Simon,reports,Real Estate,Retail REITs,"Indianapolis, Indiana",26/06/2002,1063761.0,2003
422,422,SWKS,Skyworks,reports,Information Technology,Semiconductors,"Woburn, Massachusetts",12/03/2015,4127.0,2002
423,423,SJM,Smucker,reports,Consumer Staples,Packaged Foods & Meats,"Orrville, Ohio",06/11/2008,91419.0,1897
424,424,SNA,Snap-on,reports,Industrials,Industrial Machinery,"Kenosha, Wisconsin",30/09/1982,91440.0,1920
425,425,SEDG,SolarEdge,reports,Information Technology,Semiconductor Equipment,"Herzliya, Israel",20/12/2021,1419612.0,2006
426,426,SO,Southern Company,reports,Utilities,Electric Utilities,"Atlanta, Georgia",04/03/1957,92122.0,1945
427,427,LUV,Southwest Airlines,reports,Industrials,Airlines,"Dallas, Texas",01/07/1994,92380.0,1967
428,428,SWK,Stanley Black & Decker,reports,Industrials,Industrial Machinery,"New Britain, Connecticut",30/09/1982,93556.0,1843
429,429,SBUX,Starbucks,reports,Consumer Discretionary,Restaurants,"Seattle, Washington",07/06/2000,829224.0,1971
430,430,STT,State Street,reports,Financials,Asset Management & Custody Banks,"Boston, Massachusetts",01/01/1900,93751.0,1792
431,431,STE,Steris,reports,Health Care,Health Care Equipment,"Dublin, Ireland",23/12/2019,1757898.0,1985
432,432,SYK,Stryker,reports,Health Care,Health Care Equipment,"Kalamazoo, Michigan",12/12/2000,310764.0,1941
433,433,SIVB,SVB Financial,reports,Financials,Regional Banks,"Santa Clara, California",19/03/2018,719739.0,1983
434,434,SYF,Synchrony,reports,Financials,Consumer Finance,"Stamford, Connecticut",18/11/2015,1601712.0,2003
435,435,SNPS,Synopsys,reports,Information Technology,Application Software,"Mountain View, California",16/03/2017,883241.0,1986
436,436,SYY,Sysco,reports,Consumer Staples,Food Distributors,"Houston, Texas",31/12/1986,96021.0,1969
437,437,TMUS,T-Mobile,reports,Communication Services,Wireless Telecommunication Services,"Bellevue, Washington",15/07/2019,1283699.0,1994
438,438,TROW,T. Rowe Price,reports,Financials,Asset Management & Custody Banks,"Baltimore, Maryland",01/01/1900,1113169.0,1937
439,439,TTWO,Take-Two Interactive,reports,Communication Services,Interactive Home Entertainment,"New York City, New York",19/03/2018,946581.0,1993
440,440,TPR,Tapestry,reports,Consumer Discretionary,"Apparel, Accessories & Luxury Goods","New York City, New York",01/01/1900,1116132.0,2017
441,441,TGT,Target,reports,Consumer Discretionary,General Merchandise Stores,"Minneapolis, Minnesota",31/12/1976,27419.0,1902
442,442,TEL,TE Connectivity,reports,Information Technology,Electronic Manufacturing Services,"Schaffhausen, Switzerland",17/10/2011,1385157.0,2007
443,443,TDY,Teledyne,reports,Industrials,Aerospace & Defense,"Thousand Oaks, California",22/06/2020,1094285.0,1960
444,444,TFX,Teleflex,reports,Health Care,Health Care Equipment,"Wayne, Pennsylvania",18/01/2019,96943.0,1943
445,445,TER,Teradyne,reports,Information Technology,Semiconductor Equipment,"North Reading, Massachusetts",21/09/2020,97210.0,1960
446,446,TSLA,Tesla,reports,Consumer Discretionary,Automobile Manufacturers,"Palo Alto, California",21/12/2020,1318605.0,2003
447,447,TXN,Texas Instruments,reports,Information Technology,Semiconductors,"Dallas, Texas",01/01/1900,97476.0,1930
448,448,TXT,Textron,reports,Industrials,Aerospace & Defense,"Providence, Rhode Island",31/12/1978,217346.0,1923
449,449,TMO,Thermo Fisher Scientific,reports,Health Care,Life Sciences Tools & Services,"Waltham, Massachusetts",03/08/2004,97745.0,2006 (1902)
450,450,TJX,TJX Companies,reports,Consumer Discretionary,Apparel Retail,"Framingham, Massachusetts",30/09/1985,109198.0,1987
451,451,TSCO,Tractor Supply,reports,Consumer Discretionary,Specialty Stores,"Brentwood, Tennessee",24/01/2014,916365.0,1938
452,452,TT,Trane Technologies,reports,Industrials,Building Products,"Dublin, Ireland",17/11/2010,1466258.0,1871
453,453,TDG,TransDigm,reports,Industrials,Aerospace & Defense,"Cleveland, Ohio",03/06/2016,1260221.0,1993
454,454,TRV,Travelers,reports,Financials,Property & Casualty Insurance,"New York City, New York",21/08/2002,86312.0,1853
455,455,TRMB,Trimble,reports,Information Technology,Electronic Equipment & Instruments,"Sunnyvale, California",21/01/2021,864749.0,1978
456,456,TFC,Truist,reports,Financials,Regional Banks,"Charlotte, North Carolina",04/12/1997,92230.0,1872
457,457,TWTR,Twitter,reports,Communication Services,Interactive Media & Services,"San Francisco, California",07/06/2018,1418091.0,2006
458,458,TYL,Tyler Technologies,reports,Information Technology,Application Software,"Plano, Texas",22/06/2020,860731.0,1966
459,459,TSN,Tyson,reports,Consumer Staples,Packaged Foods & Meats,"Springdale, Arkansas",10/08/2005,100493.0,1935
460,460,USB,U.S. Bank,reports,Financials,Diversified Banks,"Minneapolis, Minnesota",01/01/1900,36104.0,1968
461,461,UDR,UDR,reports,Real Estate,Residential REITs,"Highlands Ranch, Colorado",07/03/2016,74208.0,1972
462,462,ULTA,Ulta Beauty,reports,Consumer Discretionary,Specialty Stores,"Bolingbrook, Illinois",18/04/2016,1403568.0,1990
463,463,UAA,Under Armour (Class A),reports,Consumer Discretionary,"Apparel, Accessories & Luxury Goods","Baltimore, Maryland",01/05/2014,1336917.0,1996
464,464,UA,Under Armour (Class C),reports,Consumer Discretionary,"Apparel, Accessories & Luxury Goods","Baltimore, Maryland",08/04/2016,1336917.0,1996
465,465,UNP,Union Pacific,reports,Industrials,Railroads,"Omaha, Nebraska",04/03/1957,100885.0,1862
466,466,UAL,United Airlines,reports,Industrials,Airlines,"Chicago, Illinois",03/09/2015,100517.0,1967
467,467,UNH,UnitedHealth Group,reports,Health Care,Managed Health Care,"Minnetonka, Minnesota",01/07/1994,731766.0,1977
468,468,UPS,United Parcel Service,reports,Industrials,Air Freight & Logistics,"Sandy Springs, Georgia",22/07/2002,1090727.0,1907
469,469,URI,United Rentals,reports,Industrials,Trading Companies & Distributors,"Stamford, Connecticut",20/09/2014,1067701.0,1997
470,470,UHS,Universal Health Services,reports,Health Care,Health Care Facilities,"King of Prussia, Pennsylvania",20/09/2014,352915.0,1979
471,471,VLO,Valero,reports,Energy,Oil & Gas Refining & Marketing,"San Antonio, Texas",01/01/1900,1035002.0,1980
472,472,VTR,Ventas,reports,Real Estate,Health Care REITs,"Chicago, Illinois",04/03/2009,740260.0,1998
473,473,VRSN,Verisign,reports,Information Technology,Internet Services & Infrastructure,"Dulles, Virginia",01/02/2006,1014473.0,1995
474,474,VRSK,Verisk,reports,Industrials,Research & Consulting Services,"Jersey City, New Jersey",08/10/2015,1442145.0,1971
475,475,VZ,Verizon,reports,Communication Services,Integrated Telecommunication Services,"New York City, New York",30/11/1983,732712.0,1983 (1877)
476,476,VRTX,Vertex,reports,Health Care,Biotechnology,"Cambridge, Massachusetts",23/09/2013,875320.0,1989
477,477,VFC,VF Corporation,reports,Consumer Discretionary,"Apparel, Accessories & Luxury Goods","Denver, Colorado",30/06/1979,103379.0,1899
478,478,VTRS,Viatris,reports,Health Care,Pharmaceuticals,"Pittsburgh, Pennsylvania",23/04/2004,1792044.0,1961
479,479,V,Visa,reports,Information Technology,Data Processing & Outsourced Services,"San Francisco, California",21/12/2009,1403161.0,1958
480,480,VNO,Vornado Realty Trust,reports,Real Estate,Office REITs,"New York City, New York",01/01/2005,899689.0,1982
481,481,VMC,Vulcan Materials,reports,Materials,Construction Materials,"Birmingham, Alabama",30/06/1999,1396009.0,1909
482,482,WAB,Wabtec,reports,Industrials,Construction Machinery & Heavy Trucks,"Pittsburgh, Pennsylvania",27/02/2019,943452.0,1999 (1869)
483,483,WMT,Walmart,reports,Consumer Staples,Hypermarkets & Super Centers,"Bentonville, Arkansas",31/08/1982,104169.0,1962
484,484,WBA,Walgreens Boots Alliance,reports,Consumer Staples,Drug Retail,"Deerfield, Illinois",31/12/1979,1618921.0,2014
485,485,WM,Waste Management,reports,Industrials,Environmental & Facilities Services,"Houston, Texas",01/01/1900,823768.0,1968
486,486,WAT,Waters,reports,Health Care,Health Care Distributors,"Milford, Massachusetts",01/01/1900,1000697.0,1958
487,487,WEC,WEC Energy Group,reports,Utilities,Electric Utilities,"Milwaukee, Wisconsin",31/10/2008,783325.0,1896
488,488,WFC,Wells Fargo,reports,Financials,Diversified Banks,"San Francisco, California",30/06/1976,72971.0,1852
489,489,WELL,Welltower,reports,Real Estate,Health Care REITs,"Toledo, Ohio",30/01/2009,766704.0,1970
490,490,WST,West Pharmaceutical Services,reports,Health Care,Health Care Supplies,"Exton, Pennsylvania",22/05/2020,105770.0,1923
491,491,WDC,Western Digital,reports,Information Technology,"Technology Hardware, Storage & Peripherals","San Jose, California",01/07/2009,106040.0,1970
492,492,WRK,WestRock,reports,Materials,Paper Packaging,"Atlanta, Georgia",01/01/1900,1732845.0,2015
493,493,WY,Weyerhaeuser,reports,Real Estate,Specialized REITs,"Seattle, Washington",01/01/1900,106535.0,1900
494,494,WHR,Whirlpool,reports,Consumer Discretionary,Household Appliances,"Benton Harbor, Michigan",01/01/1900,106640.0,1911
495,495,WMB,Williams,reports,Energy,Oil & Gas Storage & Transportation,"Tulsa, Oklahoma",31/03/1975,107263.0,1908
496,496,WTW,Willis Towers Watson,reports,Financials,Insurance Brokers,"London, England",05/01/2016,1140536.0,2016
497,497,WYNN,Wynn Resorts,reports,Consumer Discretionary,Casinos & Gaming,"Paradise, Nevada",14/11/2008,1174922.0,2002
498,498,XEL,Xcel Energy,reports,Utilities,Multi-Utilities,"Minneapolis, Minnesota",04/03/1957,72903.0,1909
499,499,XYL,Xylem,reports,Industrials,Industrial Machinery,"White Plains, New York",01/11/2011,1524472.0,2011
500,500,YUM,Yum! Brands,reports,Consumer Discretionary,Restaurants,"Louisville, Kentucky",06/10/1997,1041061.0,1997
501,501,ZBRA,Zebra,reports,Information Technology,Electronic Equipment & Instruments,"Lincolnshire, Illinois",23/12/2019,877212.0,1969
502,502,ZBH,Zimmer Biomet,reports,Health Care,Health Care Equipment,"Warsaw, Indiana",07/08/2001,1136869.0,1927
503,503,ZION,Zions Bancorp,reports,Financials,Regional Banks,"Salt Lake City, Utah",22/06/2001,109380.0,1873
504,504,ZTS,Zoetis,reports,Health Care,Pharmaceuticals,"Parsippany, New Jersey",21/06/2013,1555280.0,1952